0,6.16136,0,0,3,-0.0981,-9.81
0.01,4.18949,-0.158289,-0.000231684,4.3083,-0.0910989,-9.80985
0.02,4.43837,-0.101268,-0.000134679,4.13893,-0.227552,-9.80991
0.03,3.55181,-0.51345,-0.00087725,4.58643,-0.116302,-9.80953
0.04,4.67897,0.394353,0.000810416,4.52259,-0.264644,-9.80963
0.05,4.65168,0.355722,0.000737092,4.76837,-0.0553709,-9.80904
0.06,4.63769,0.324778,0.000677468,4.88517,0.0535071,-9.80865
0.07,4.62358,0.283773,0.000597522,4.89622,-0.0197363,-9.8086
0.08,4.76637,0.704768,0.00142628,4.54458,-1.17496,-9.81068
0.09,5.0266,1.63349,0.0032702,4.93351,0.196653,-9.80776
0.1,5.41183,3.22374,0.00645173,5.3928,2.07002,-9.80382
0.11,5.49405,3.46915,0.00694604,6.01857,4.94181,-9.79783
0.12,5.9298,5.65082,0.0113704,6.4385,6.8593,-9.79375
0.13,6.34958,7.7917,0.0157393,5.87441,3.03292,-9.80135
0.14,7.08906,11.9362,0.0242486,5.61223,1.10252,-9.80512
0.15,7.02259,10.718,0.0217319,4.82686,-4.21736,-9.8159
0.16,8.29603,18.6222,0.038154,4.69964,-4.8919,-9.8171
0.17,9.01986,22.3511,0.0459464,5.36372,-0.0452341,-9.80676
0.18,9.09101,21.2787,0.0436908,5.78544,2.82942,-9.80052
0.19,10.1253,27.1169,0.0560381,6.31464,6.29085,-9.79299
0.2,10.6916,29.2237,0.0605203,7.56044,14.6365,-9.77502
0.21,11.4888,32.8329,0.0682479,7.74371,14.8024,-9.77445
0.22,13.5044,44.8728,0.0941949,7.90564,14.8039,-9.77424
0.23,14.1447,46.2363,0.0971508,8.96133,21.162,-9.76023
0.24,16.0472,56.4365,0.119428,9.68015,24.6565,-9.75239
0.25,16.8889,58.3923,0.123727,9.53433,21.7938,-9.75847
0.26,16.8646,54.1298,0.114282,10.5977,27.6226,-9.74534
0.27,16.1304,45.2372,0.094436,10.7548,26.6946,-9.7472
0.28,17.1507,49.1775,0.103293,11.9781,33.2315,-9.73228
0.29,18.1206,52.4793,0.11077,12.4053,33.7893,-9.7308
0.3,19.0374,55.1742,0.116921,12.6406,32.987,-9.73241
0.31,20.513,61.4993,0.131476,12.5597,30.0778,-9.73888
0.32,21.7704,65.8822,0.141643,12.6029,28.2234,-9.74295
0.33,22.6989,67.717,0.145931,12.7625,27.2921,-9.7449
0.34,23.2402,66.7975,0.143759,13.3077,29.0411,-9.74055
0.35,24.264,69.2059,0.149484,13.5152,28.3829,-9.74188
0.36,25.2555,71.2303,0.154336,14.1039,30.345,-9.73694
0.37,25.017,64.8189,0.138825,15.7358,39.2065,-9.71527
0.38,26.3356,69.3373,0.149842,16.8022,43.6522,-9.70419
0.39,26.0857,62.9897,0.134225,17.4823,45.195,-9.70016
0.4,26.3983,60.8563,0.12893,18.4964,48.879,-9.69078
0.41,28.4872,70.8115,0.153828,19.4017,51.5831,-9.68378
0.42,28.7236,67.6419,0.14583,19.6527,49.7061,-9.68827
0.43,29.5139,68.4087,0.147776,20.4052,51.3259,-9.6839
0.44,29.0064,60.4012,0.127239,19.9638,44.8124,-9.70035
0.45,28.7144,54.3803,0.11167,20.0792,42.4791,-9.70614
0.46,29.4988,55.9987,0.115885,21.5378,49.3313,-9.68802
0.47,30.4932,58.9205,0.123559,21.0616,42.7166,-9.70515
0.48,31.6458,62.7101,0.133592,21.1457,40.3125,-9.71126
0.49,32.4419,63.8481,0.136626,21.3353,38.7795,-9.71509
0.5,32.3116,58.6779,0.122713,21.8991,39.8663,-9.71191
0.51,31.7727,51.1056,0.102181,22.3945,40.4203,-9.71014
0.52,33.4794,59.1522,0.124161,23.24,43.2921,-9.70203
0.53,34.6575,63.1014,0.135028,24.2693,47.2088,-9.69098
0.54,36.6109,72.0037,0.159713,25.7418,53.8458,-9.67231
0.55,36.746,68.0673,0.14871,25.8281,50.7055,-9.68081
0.56,36.6189,62.6305,0.133404,26.1511,49.3696,-9.6843
0.57,37.1866,62.2377,0.132286,26.0046,44.9617,-9.69652
0.58,36.9791,56.6503,0.116327,27.0808,49.0845,-9.68447
0.59,36.0758,46.7534,0.0878596,27.2172,46.6001,-9.69134
0.6,36.5749,46.967,0.0884756,26.7618,40.2981,-9.70931
0.61,36.1824,41.161,0.0715383,27.9693,45.6194,-9.6935
0.62,37.5378,47.5184,0.0902085,29.3319,51.6278,-9.67557
0.63,38.386,50.0318,0.0976387,30.6965,57.2442,-9.65868
0.64,38.6106,48.1757,0.0921091,31.3697,57.8266,-9.65666
0.65,38.5549,44.5564,0.0812565,32.3688,60.5648,-9.64816
0.66,39.4074,47.298,0.0895282,31.7369,52.1324,-9.67331
0.67,39.1602,42.4484,0.0747923,32.4984,53.6536,-9.6684
0.68,40.579,49.1465,0.0952732,33.0301,53.5244,-9.6685
0.69,40.98,48.5377,0.0933965,33.6253,53.8314,-9.66726
0.7,42.3084,54.2175,0.110991,34.8306,58.2274,-9.65334
0.71,41.8755,47.6506,0.0905102,34.2527,50.3158,-9.67771
0.72,43.122,52.8378,0.106786,35.7549,56.9485,-9.65659
0.73,43.8422,54.1308,0.110866,35.728,52.8348,-9.66927
0.74,45.347,60.6222,0.131492,35.9451,50.6421,-9.67594
0.75,46.7244,65.8175,0.148102,35.6997,45.481,-9.69213
0.76,46.2024,57.87,0.122524,36.9607,50.8143,-9.67466
0.77,46.7779,57.8493,0.122453,37.9559,53.9979,-9.66404
0.78,47.5033,58.8403,0.125677,38.0137,50.6538,-9.67462
0.79,48.3096,60.3094,0.130488,38.5864,51.0027,-9.67315
0.8,49.3108,62.9923,0.13933,38.6694,48.0295,-9.68264
0.81,50.1236,64.2252,0.143415,38.1636,41.2909,-9.70467
0.82,50.9569,65.5132,0.147709,36.9799,30.4397,-9.74056
0.83,50.5449,58.3271,0.12358,36.5555,25.4333,-9.75704
0.84,52.2658,65.9911,0.149456,37.1119,27.3704,-9.75017
0.85,53.1011,67.174,0.153469,37.4703,27.8437,-9.74823
0.86,53.6224,66.1624,0.150007,37.6455,27.0506,-9.75061
0.87,54.3711,66.7503,0.152023,36.9621,20.5284,-9.77268
0.88,54.948,66.1414,0.149913,37.1443,20.2751,-9.77322
0.89,55.6895,66.6822,0.151787,37.5751,21.7129,-9.76788
0.9,56.2358,65.8722,0.148951,38.2346,24.5952,-9.75747
0.91,56.5354,63.4548,0.140447,38.0005,21.2643,-9.76883
0.92,57.4783,65.5327,0.147788,38.7354,24.6845,-9.7564
0.93,58.7293,69.5466,0.162053,39.6743,29.2483,-9.73982
0.94,59.5111,70.1295,0.164131,41.0748,36.6136,-9.71314
0.95,60.5629,72.4923,0.172619,41.2422,35.1779,-9.71796
0.96,60.5905,67.7973,0.155642,41.3741,33.6,-9.72331
0.97,61.1437,66.9582,0.152587,41.4742,31.9141,-9.72908
0.98,61.9915,68.16,0.156973,42.6494,37.5827,-9.70801
0.99,62.6913,68.284,0.157423,43.2976,39.3202,-9.70127
1,63.9344,72.0595,0.171364,42.768,33.0074,-9.72423
1.01,63.658,65.3458,0.146424,44.05,39.3221,-9.70042
1.02,63.1169,57.3012,0.116383,45.4855,46.2454,-9.67421
1.03,62.9644,52.4155,0.0980406,46.2309,48.0551,-9.66705
1.04,62.4644,45.5176,0.0720092,46.7513,48.2264,-9.66604
1.05,63.9338,52.3501,0.0979226,46.6497,44.1967,-9.68096
1.06,64.236,50.8604,0.0922391,47.6307,47.7309,-9.66712
1.07,64.6479,50.2103,0.0897438,49.1965,54.9661,-9.63901
1.08,65.079,49.7328,0.0879008,48.9536,49.5314,-9.65958
1.09,65.7849,51.1381,0.0933393,50.2145,54.5919,-9.63961
1.1,67.1298,56.7539,0.115193,49.828,48.2148,-9.66406
1.11,67.0215,52.2025,0.0973835,49.3019,41.3267,-9.69062
1.12,67.4739,51.7348,0.0955407,49.4786,39.6363,-9.69689
1.13,67.7286,49.9661,0.0885479,49.0647,34.0813,-9.71846
1.14,67.6011,45.7429,0.0717724,50.0392,38.2526,-9.70151
1.15,67.1155,39.3915,0.0464198,51.467,45.1961,-9.67341
1.16,68.7397,47.6787,0.0796579,51.5163,42.3876,-9.68428
1.17,70.2761,54.8172,0.108429,51.9484,42.3463,-9.68406
1.18,71.8652,61.8302,0.136832,53.9757,53.0526,-9.6403
1.19,73.4115,68.0823,0.162275,54.5743,53.4149,-9.63843
1.2,73.1792,61.9333,0.137117,54.4039,48.5724,-9.65784
1.21,73.0917,57.1731,0.117547,54.9048,48.5784,-9.65742
1.22,73.158,53.77,0.103488,56.5781,56.4805,-9.62439
1.23,74.8046,61.2407,0.134484,56.9853,55.3224,-9.6288
1.24,75.8587,64.217,0.146888,56.7746,50.0805,-9.65025
1.25,75.7039,58.8498,0.124397,56.4098,44.1537,-9.67467
1.26,76.4406,59.8496,0.128601,57.0098,45.1241,-9.67018
1.27,76.5242,56.3826,0.113934,56.7078,39.9536,-9.69164
1.28,77.6566,60.2138,0.130206,55.7133,30.4661,-9.73154
1.29,77.1719,52.8938,0.0989556,55.6017,27.5649,-9.7435
1.3,77.7807,53.4331,0.101264,55.3425,23.8651,-9.75895
1.31,79.1758,59.2318,0.126241,57.1562,34.3766,-9.71325
1.32,80.1832,62.0292,0.138342,56.6034,28.2404,-9.73938
1.33,81.5602,67.1278,0.160502,57.3153,31.0364,-9.72681
1.34,83.2882,74.2479,0.191592,57.5394,30.3578,-9.72934
1.35,84.9593,80.5053,0.219035,58.4164,34.1228,-9.7124
1.36,85.6364,79.6457,0.215237,58.5152,32.3927,-9.7196
1.37,85.1762,71.1827,0.177765,59.6889,38.0196,-9.69426
1.38,85.3242,67.3861,0.160875,59.3699,33.213,-9.7152
1.39,85.4082,63.4146,0.14313,59.0535,28.7471,-9.73471
1.4,85.4903,59.6972,0.126447,59.156,27.4039,-9.7403
1.41,85.4236,55.2279,0.106304,58.9569,24.1196,-9.75466
1.42,86.1537,56.427,0.111726,59.8604,28.4836,-9.73447
1.43,86.5396,55.2262,0.106262,60.1252,28.2512,-9.73508
1.44,87.5901,58.584,0.121586,59.9377,24.9877,-9.74954
1.45,88.495,60.7341,0.131439,60.5755,27.5032,-9.73756
1.46,88.8366,58.9455,0.123197,60.8712,27.5447,-9.73692
1.47,88.7821,54.6084,0.103135,61.816,31.9568,-9.71606
1.48,89.6022,56.4553,0.111707,62.5307,34.5211,-9.7037
1.49,89.9657,55.1023,0.105392,63.7206,40.1142,-9.67716
1.5,90.4454,54.6232,0.103143,63.8291,38.046,-9.6864
1.51,91.5063,58.0907,0.119447,65.1462,44.2585,-9.65672
1.52,92.0602,57.9105,0.11859,66.4731,50.1189,-9.62859
1.53,91.8234,52.4154,0.0925216,66.564,47.2591,-9.64169
1.54,91.5832,47.2672,0.0679983,66.066,40.6246,-9.67283
1.55,91.3823,42.7304,0.0462981,65.9933,37.3016,-9.68826
1.56,92.2453,45.6661,0.0603938,66.4538,37.7935,-9.68543
1.57,94.1656,55.5261,0.107934,66.717,36.9238,-9.68916
1.58,94.1945,51.9814,0.0907673,65.8329,28.3844,-9.73004
1.59,95.6267,58.1285,0.120646,66.2386,29.1077,-9.72605
1.6,96.3841,59.3163,0.126438,67.5601,35.9517,-9.69217
1.61,97.1353,60.3817,0.131653,67.7928,35.0003,-9.69635
1.62,98.7708,67.3332,0.165852,67.9851,33.8415,-9.70158
1.63,99.8274,69.9169,0.178608,68.2789,33.4438,-9.70306
1.64,100.648,70.7395,0.182679,68.115,29.9894,-9.71972
1.65,100.382,64.1797,0.150004,69.1852,35.0818,-9.69387
1.66,101.162,65.1154,0.154675,68.7724,29.8408,-9.71959
1.67,102.008,66.4277,0.161253,68.9231,28.7486,-9.72458
1.68,101.365,57.6218,0.116873,69.8712,33.1016,-9.70216
1.69,102.216,59.4729,0.126231,69.7606,30.0291,-9.71721
1.7,102.258,55.7499,0.107318,70.3283,31.7337,-9.70806
1.71,104.365,66.1923,0.160549,70.4187,30.1075,-9.71586
1.72,105.231,67.571,0.167596,70.4825,28.4124,-9.72404
1.73,105.587,65.4197,0.156535,70.9368,29.4612,-9.71815
1.74,105.708,61.8237,0.137982,71.0615,28.2198,-9.72405
1.75,107.66,70.8107,0.184499,71.986,32.4492,-9.70165
1.76,109.285,76.9919,0.216611,72.1297,31.1344,-9.70798
1.77,110.1,77.2951,0.218181,71.5526,25.0522,-9.7392
1.78,110.564,75.219,0.207299,71.2786,21.4209,-9.7577
1.79,109.18,60.8305,0.131668,71.7007,22.7238,-9.75034
1.8,110.048,62.582,0.140901,72.2137,24.5518,-9.74018
1.81,111.548,68.4737,0.17209,74.0511,35.1784,-9.6834
1.82,112.341,69.2019,0.175951,74.4853,35.6364,-9.68045
1.83,112.449,65.272,0.154978,75.2773,38.4744,-9.6648
1.84,113.888,70.5645,0.183305,76.5363,44.2673,-9.63326
1.85,114.11,67.3101,0.165807,76.568,41.4028,-9.64814
1.86,114.679,66.6139,0.162044,78.3639,50.6154,-9.59793
1.87,113.578,54.7096,0.0975959,78.1983,45.9939,-9.62243
1.88,115.467,63.751,0.14671,79.3951,50.8615,-9.59546
1.89,115.337,58.5795,0.118505,79.5032,48.0673,-9.61017
1.9,115.894,58.3877,0.117449,79.7102,46.1278,-9.62026
1.91,116.973,61.725,0.13577,78.6305,35.6504,-9.67727
1.92,118.125,65.3288,0.155625,78.575,32.778,-9.69257
1.93,117.446,56.3533,0.105972,77.3989,22.5495,-9.74861
1.94,118.328,58.4987,0.117875,77.1244,19.0841,-9.7673
1.95,118.629,56.5859,0.107213,78.0994,24.269,-9.73788
1.96,119.105,55.9844,0.103845,78.8467,27.5708,-9.71887
1.97,119.133,52.4042,0.0837551,79.6572,31.077,-9.69866
1.98,119.508,51.4012,0.0781039,80.2483,32.8683,-9.68803
1.99,121.197,59.3136,0.122797,78.1524,16.4375,-9.7803
2,120.452,50.3028,0.0717109,78.8249,19.7625,-9.7609
2.01,120.311,45.9609,0.0470087,79.0194,19.6439,-9.76102
2.02,120.464,43.8983,0.0352326,79.8758,23.9922,-9.73564
2.03,120.725,42.7,0.0283672,79.9618,22.8581,-9.74158
2.04,122.633,52.6809,0.085728,80.8538,27.2302,-9.71589
2.05,123.512,55.054,0.0994085,81.2466,27.9451,-9.71121
2.06,123.68,52.4782,0.0844977,81.0397,24.5712,-9.73017
2.07,124.242,52.7279,0.0859427,80.8322,21.4208,-9.7479
2.08,125.919,60.4713,0.131049,80.6262,18.4923,-9.76439
2.09,126.956,63.3893,0.148098,80.8372,18.5701,-9.76336
2.1,127.424,62.2717,0.141535,81.5715,22.1685,-9.74169
2.11,127.817,60.7242,0.132419,82.5114,26.9098,-9.71321
2.12,128.466,61.0041,0.134065,82.8108,27.0166,-9.71201
2.13,129.321,62.6573,0.14385,83.6216,30.5615,-9.69043
2.14,130.522,66.5337,0.16688,84.2131,32.391,-9.67898
2.15,131.223,66.7735,0.1683,84.325,30.8658,-9.6875
2.16,131.201,62.1286,0.140502,84.9601,32.968,-9.67434
2.17,131.911,62.7262,0.14408,85.2498,32.602,-9.67596
2.18,132.706,63.8556,0.150873,85.6343,32.8995,-9.67359
2.19,133.052,61.8895,0.138985,85.9684,32.8368,-9.67338
2.2,132.156,51.6849,0.0771264,85.9799,30.6057,-9.68632
2.21,133.943,60.2402,0.129143,86.9362,34.8897,-9.65968
2.22,134.582,60.4876,0.130645,86.832,31.7401,-9.6783
2.23,134.472,55.6772,0.101198,88.5082,40.7979,-9.62228
2.24,134.485,52.0127,0.0786938,89.8933,47.285,-9.58186
2.25,135.284,53.8888,0.0902433,90.1777,45.9195,-9.58968
2.26,136.76,60.2032,0.129252,90.687,46.161,-9.5876
2.27,136.837,56.6687,0.107337,91.542,48.7151,-9.57117
2.28,137.244,55.5978,0.100672,92.5769,52.3098,-9.54823
2.29,137.908,56.3262,0.105209,92.3965,47.4746,-9.57779
2.3,138.471,56.323,0.105182,91.3716,37.2755,-9.641
2.31,138.564,53.1585,0.0853136,90.9519,31.8406,-9.67451
2.32,138.579,49.6799,0.063407,89.8536,22.1989,-9.73461
2.33,140.941,62.2417,0.142738,89.9272,21.1019,-9.74092
2.34,142.779,70.4364,0.194643,90.671,24.5935,-9.71818
2.35,143.077,67.699,0.177235,91.4801,28.2911,-9.69407
2.36,142.838,61.5297,0.1379,92.0716,30.2731,-9.68082
2.37,142.969,58.2715,0.117058,92.4607,30.7578,-9.6771
2.38,144.264,63.0709,0.147831,92.8002,30.8764,-9.67572
2.39,145.106,64.4952,0.156984,91.7145,21.3845,-9.73615
2.4,145.678,64.0049,0.15381,90.4208,11.1305,-9.80169
2.41,145.685,59.7375,0.126182,90.5967,11.4673,-9.79888
2.42,147.29,66.528,0.170254,90.3373,8.84946,-9.81523
2.43,147.95,66.4971,0.170042,91.1947,13.9319,-9.7815
2.44,149.344,71.4106,0.202119,91.8398,17.2412,-9.75925
2.45,149.394,66.9373,0.172805,91.3208,12.4853,-9.78976
2.46,148.694,57.7115,0.112184,91.3841,11.9733,-9.79249
2.47,149.297,57.8884,0.113341,91.9862,15.1246,-9.77107
2.48,150.894,64.7487,0.158672,92.2564,15.8286,-9.76578
2.49,152.392,70.4806,0.196654,92.9093,19.0632,-9.74369
2.5,152.852,68.834,0.185694,94.6035,29.0965,-9.67634
2.51,153.418,68.0101,0.180189,94.9091,29.0978,-9.67569
2.52,153.471,63.7859,0.151931,94.3448,23.2386,-9.71422
2.53,153.869,62.1762,0.141125,95.4632,29.111,-9.67419
2.54,154.79,64.1924,0.154676,95.6502,28.3132,-9.6789
2.55,154.104,55.2481,0.0943335,95.3908,24.5606,-9.70356
2.56,153.765,49.2422,0.0536987,95.1347,21.0839,-9.72643
2.57,154.338,49.7839,0.0573701,95.022,18.8065,-9.74122
2.58,155.191,52.1741,0.0736289,94.7672,15.7256,-9.76152
2.59,155.615,51.5193,0.0691558,94.659,13.8393,-9.77372
2.6,157.013,57.4654,0.109839,95.653,19.5065,-9.73427
2.61,157.702,58.2414,0.115157,96.007,20.4797,-9.72693
2.62,159.15,64.0723,0.155275,98.2518,34.1273,-9.63234
2.63,159.942,65.0919,0.162301,98.7872,35.3386,-9.62331
2.64,160.038,61.3583,0.136451,99.535,37.9001,-9.60492
2.65,160.268,58.774,0.118506,99.7879,36.9545,-9.61081
2.66,161.214,61.1891,0.135306,99.8599,34.8531,-9.62477
2.67,161.436,58.5591,0.116941,100.456,36.4221,-9.61315
2.68,163.192,66.4485,0.172148,100.845,36.4934,-9.61198
2.69,163.112,61.4382,0.136973,101.732,39.9204,-9.58725
2.7,163.544,60.2081,0.128307,101.286,34.1254,-9.62736
2.71,164.095,59.8635,0.125866,101.403,32.5168,-9.63803
2.72,166.141,69.621,0.194905,101.489,30.8145,-9.6494
2.73,167.981,77.3249,0.249558,101.412,28.1177,-9.66785
2.74,166.889,64.7608,0.160142,101.735,28.3066,-9.66582
2.75,167.014,61.2419,0.135024,101.602,25.4045,-9.68583
2.76,167.674,61.5617,0.137302,101.738,24.5121,-9.69152
2.77,168.3,61.638,0.13784,102.399,27.2195,-9.67141
2.78,170.065,69.3785,0.193508,102.993,29.2872,-9.65584
2.79,170.799,69.6516,0.195464,102.556,24.2778,-9.69127
2.8,172.12,73.8549,0.225848,102.413,21.5791,-9.71009
2.81,172.823,73.6181,0.224115,101.99,17.1796,-9.74129
2.82,173.142,70.8107,0.203686,102.554,19.7201,-9.72211
2.83,173.372,67.5902,0.180193,103.337,23.5726,-9.69331
2.84,174.001,67.2801,0.177913,103.908,25.7319,-9.67682
2.85,174.048,63.0665,0.147018,104.832,30.1295,-9.64388
2.86,175.146,66.2171,0.170159,106.632,40.1339,-9.56965
2.87,175.504,64.1668,0.15504,106.063,33.5004,-9.61782
2.88,176.08,63.7224,0.151746,106.757,35.8225,-9.59996
2.89,176.745,63.9156,0.153165,106.272,30.0421,-9.64206
2.9,177.233,62.8943,0.14557,106.217,27.5548,-9.65982
2.91,176.474,53.5451,0.0759487,106.563,27.9295,-9.65631
2.92,177.551,57.1996,0.103224,106.036,22.4025,-9.69685
2.93,177.954,56.0578,0.0946705,106.362,22.9932,-9.6917
2.94,177.757,50.9524,0.0563535,106.235,20.4867,-9.70978
2.95,177.691,47.0795,0.0272125,105.413,13.4743,-9.76181
2.96,179.093,53.3522,0.0745231,104.92,9.14927,-9.79369
2.97,179.375,51.6598,0.0617196,105.7,13.6879,-9.75863
2.98,179.465,48.7846,0.039917,105.584,11.8827,-9.77158
2.99,181.292,57.8101,0.108514,104.64,4.62528,-9.82599
3,181.563,55.7417,0.0927443,105.419,9.46659,-9.78835
3.01,181.912,54.3337,0.0819812,105.305,7.96154,-9.7991
3.02,182.578,55.1657,0.0883466,104.918,4.71738,-9.8232
3.03,183.617,58.4517,0.113571,104.694,2.79272,-9.83722
3.04,184.261,58.8517,0.11664,104.898,3.8826,-9.82808
3.05,183.884,52.3443,0.066415,103.98,-2.66394,-9.87784
3.06,184.94,55.9376,0.0942083,104.512,0.998996,-9.84874
3.07,185.306,54.6337,0.0840882,105.139,5.06356,-9.81645
3.08,186.061,56.0387,0.0950057,105.026,3.85921,-9.82505
3.09,185.759,50.2306,0.0497278,104.78,1.84194,-9.84001
3.1,187.878,61.1262,0.134859,105.102,3.79043,-9.82401
3.11,188.801,63.2242,0.151282,104.155,-2.94473,-9.876
3.12,189.944,66.6689,0.178319,103.694,-5.9487,-9.89881
3.13,189.583,59.7446,0.123799,104.927,2.65819,-9.83028
3.14,190.155,59.5755,0.122455,105.925,9.11045,-9.77859
3.15,189.259,49.5244,0.0429381,107.67,20.1524,-9.69047
3.16,188.932,43.9853,-0.000988596,108.165,22.0343,-9.67478
3.17,188.468,37.8919,-0.0494245,109.16,27.157,-9.63329
3.18,189.968,45.4458,0.010771,108.82,22.9412,-9.66612
3.19,191.051,49.6849,0.0446298,108.077,16.2913,-9.71846
3.2,192.122,53.5525,0.0755937,107.379,10.3935,-9.76491
3.21,193.603,59.9234,0.126722,107.83,12.6357,-9.74613
3.22,194.663,63.0332,0.151732,108.79,18.1563,-9.70093
3.23,195.536,64.6665,0.164892,109.114,19.015,-9.69322
3.24,197.127,71.0309,0.216329,109.538,20.4948,-9.68047
3.25,198.036,72.3725,0.227183,109.502,18.7779,-9.6936
3.26,198.352,69.6281,0.204873,110.009,20.8282,-9.67616
3.27,198.909,68.691,0.197226,109.773,17.7408,-9.70051
3.28,198.566,61.7563,0.140614,109.82,16.76,-9.70772
3.29,199.547,64.2036,0.160623,110.127,17.6045,-9.70002
3.3,200.178,64.1346,0.160044,110.261,17.2259,-9.70233
3.31,198.999,51.868,0.0592102,110.236,15.7964,-9.71328
3.32,198.488,44.9272,0.00202387,110.201,14.4037,-9.72395
3.33,198.419,41.4336,-0.0268248,109.884,11.1965,-9.74964
3.34,199.326,44.7569,0.000684246,109.996,11.1029,-9.7496
3.35,201.153,54.0509,0.0777886,110.92,16.4834,-9.70416
3.36,201.298,51.386,0.0556222,111.349,18.1665,-9.68935
3.37,202.056,53.0295,0.0693159,109.802,6.42015,-9.78645
3.38,202.57,52.9207,0.068401,110.989,13.8837,-9.72328
3.39,203.178,53.4571,0.0728866,111.386,15.5273,-9.70871
3.4,203.112,49.4065,0.0388863,110.639,9.34933,-9.75974
3.41,203.933,51.6123,0.0574379,111.321,13.2194,-9.72636
3.42,203.722,46.7135,0.0161314,112.218,18.2789,-9.68289
3.43,204.286,47.368,0.0216607,112.484,18.7388,-9.67818
3.44,204.926,48.4839,0.0311096,112.854,19.8774,-9.66772
3.45,206.44,55.422,0.0900021,113.046,19.7312,-9.66814
3.46,207.42,58.2899,0.114394,113.486,21.2677,-9.65425
3.47,207.954,57.9633,0.1116,114.154,24.2407,-9.62807
3.48,209.919,67.3035,0.191414,114.066,21.9168,-9.64711
3.49,210.381,65.8826,0.179227,114.108,20.6259,-9.65734
3.5,210.815,64.367,0.166201,115.236,26.7453,-9.60398
3.51,211.02,61.4136,0.140775,115.158,24.3216,-9.624
3.52,211.493,60.46,0.13254,115.208,22.9225,-9.63524
3.53,210.891,52.3348,0.0623079,116.205,27.9976,-9.59055
3.54,211.294,51.5206,0.05525,116.694,29.3104,-9.57834
3.55,212.638,57.1069,0.103739,116.851,28.2971,-9.58631
3.56,213.408,58.4525,0.115437,118.219,35.5145,-9.52268
3.57,213.163,52.8645,0.0667038,116.839,23.729,-9.62461
3.58,211.883,40.6749,-0.0398188,117.066,23.5615,-9.62524
3.59,213.809,50.9145,0.0498577,117.122,22.2551,-9.63583
3.6,214.367,51.2445,0.0527503,117.573,23.6977,-9.62233
3.61,215,52.054,0.0598659,117.284,20.0593,-9.65348
3.62,215.765,53.7007,0.0743763,117.28,18.5822,-9.66565
3.63,217.065,58.8468,0.119831,118.091,22.7009,-9.62841
3.64,217.052,54.79,0.0839041,116.619,11.1519,-9.72981
3.65,217.702,55.483,0.0900458,116.63,10.3755,-9.73583
3.66,218.457,56.8292,0.102008,117.598,16.1044,-9.68403
3.67,219.321,58.8246,0.119779,117.516,14.3721,-9.6986
3.68,221.84,71.8391,0.235987,118.121,17.3803,-9.67087
3.69,222.989,74.7416,0.261941,119.082,22.588,-9.6234
3.7,223.697,74.4807,0.259578,118.851,19.4165,-9.65098
3.71,223.452,67.8096,0.199598,118.349,14.629,-9.69314
3.72,222.997,60.1794,0.130859,118.013,11.282,-9.72241
3.73,223.209,57.5504,0.107119,118.247,11.9971,-9.71508
3.74,223.357,54.6727,0.081081,118.316,11.559,-9.71817
3.75,223.714,53.3972,0.069512,120.442,25.0067,-9.5954
3.76,225.169,59.6008,0.125854,120.182,21.4783,-9.62657
3.77,225.153,55.4806,0.0883392,120.48,21.9425,-9.62147
3.78,226.448,60.4658,0.133803,121.569,27.7039,-9.56804
3.79,226.437,56.3192,0.0958885,120.488,18.4538,-9.65172
3.8,227.701,61.0433,0.13915,120.993,20.5216,-9.63189
3.81,229.44,68.6479,0.208938,120.757,17.4514,-9.65919
3.82,230.127,68.6546,0.20898,119.975,10.9099,-9.71847
3.83,230.65,67.5537,0.198813,119.935,9.80441,-9.72776
3.84,231.724,70.2444,0.223646,120.028,9.67654,-9.72804
3.85,232.547,71.0559,0.231136,119.418,4.81405,-9.77215
3.86,233.884,75.2838,0.270324,120.23,9.86158,-9.72443
3.87,234.904,77.0874,0.28706,121.111,15.0378,-9.67542
3.88,235.929,78.8009,0.302989,120.811,11.9088,-9.70366
3.89,237.137,81.6341,0.329399,120.94,11.8766,-9.70305
3.9,236.894,74.4962,0.262627,121.189,12.6548,-9.69487
3.91,236.588,67.4207,0.196308,120.858,9.47545,-9.72375
3.92,236.67,63.4296,0.158819,121.235,11.282,-9.70588
3.93,237.872,67.2588,0.194828,120.61,6.21256,-9.75265
3.94,238.09,64.1944,0.165923,119.614,-1.01846,-9.8199
3.95,238.368,61.7434,0.142756,120.21,2.97133,-9.78129
3.96,239.847,67.5539,0.197737,120.069,1.72084,-9.7922
3.97,241.146,71.7541,0.237552,120.35,3.4027,-9.77532
3.98,240.484,62.4627,0.149235,121.021,7.59696,-9.73453
3.99,240.398,57.6748,0.103632,122.463,16.7077,-9.64685
4,240.91,57.238,0.0994536,122.957,18.8146,-9.62583
4.01,242.69,65.3782,0.177264,122.711,15.7937,-9.65379
4.02,242.384,58.9113,0.115301,123.577,20.4678,-9.60809
4.03,243.137,60.0188,0.12592,123.398,17.785,-9.63292
4.04,244.55,65.4963,0.178584,124.462,23.662,-9.57547
4.05,245.742,69.1131,0.213419,123.913,18.2672,-9.62654
4.06,246.507,69.6187,0.218279,124.634,21.8017,-9.59148
4.07,246.967,68.0294,0.202884,123.769,14.4047,-9.66211
4.08,247.446,66.6714,0.189701,122.959,7.88037,-9.72441
4.09,248.25,67.5998,0.198699,124.136,15.1867,-9.65251
4.1,249.252,69.7962,0.220053,124.11,13.8924,-9.66417
4.11,250.842,75.8111,0.278676,123.663,9.84449,-9.70269
4.12,250.428,67.9159,0.201521,123.105,5.31999,-9.74594
4.13,250.891,66.4616,0.187267,122.86,3.21614,-9.76558
4.14,249.457,52.3217,0.0485795,124.425,13.4471,-9.66429
4.15,249.683,50.3169,0.0288766,123.24,4.46173,-9.75163
4.16,250.6,53.1067,0.0563386,122.556,-0.550029,-9.80001
4.17,251.514,55.6866,0.0817809,122.612,-0.229828,-9.79588
4.18,253.566,65.7637,0.181363,122.526,-0.895011,-9.80149
4.19,254.001,64.2652,0.166507,122.446,-1.47367,-9.80625
4.2,254.612,64.0516,0.164371,121.268,-9.41128,-9.88402
4.21,254.711,60.4072,0.128131,121.563,-6.88182,-9.8579
4.22,256.6,69.0645,0.214333,120.737,-12.0897,-9.90878
4.23,255.671,58.1526,0.105437,121.497,-6.25214,-9.84955
4.24,256.52,59.9601,0.123496,121.374,-6.75419,-9.85358
4.25,256.883,58.3667,0.107524,121.54,-5.27804,-9.83781
4.26,257.623,59.4214,0.118097,121.696,-3.96992,-9.8237
4.27,258.84,63.6205,0.1603,121.842,-2.8188,-9.81114
4.28,258.696,58.3612,0.107311,122.943,4.69549,-9.73446
4.29,259.48,59.7138,0.120949,122.44,0.887774,-9.77191
4.3,259.864,58.279,0.106431,121.421,-6.13621,-9.84193
4.31,260.574,59.1384,0.115125,121.034,-8.4286,-9.86415
4.32,261.368,60.5058,0.128989,121.37,-5.69063,-9.83537
4.33,261.597,57.968,0.103175,121.684,-3.29083,-9.80997
4.34,260.363,45.7478,-0.0213067,121.975,-1.20487,-9.78772
4.35,260.896,46.2529,-0.0161497,121.003,-7.77798,-9.8538
4.36,261.696,48.5329,0.00716063,122.177,0.562638,-9.76752
4.37,262.376,49.8444,0.020593,123.675,10.5242,-9.66449
4.38,263.173,51.8516,0.0411873,124.087,12.4916,-9.64331
4.39,263.13,48.0718,0.00232672,125.01,17.778,-9.58798
4.4,264.407,53.4357,0.0575695,125.162,17.5072,-9.58978
4.41,265.408,56.5849,0.0900566,124.877,14.308,-9.6218
4.42,264.785,48.5716,0.00721537,124.741,12.3336,-9.64121
4.43,264.507,43.4276,-0.0460552,124.055,6.7837,-9.69769
4.44,264.924,43.3065,-0.0473069,124.658,10.292,-9.66028
4.45,265.708,45.6727,-0.0227083,124.794,10.4177,-9.65797
4.46,266.543,48.2207,0.00382414,125.188,12.2757,-9.63762
4.47,266.522,44.8329,-0.0315148,125.13,10.9603,-9.65034
4.48,267.452,48.0783,0.0024026,125.207,10.641,-9.65266
4.49,268.583,52.4582,0.0482548,125.132,9.32348,-9.66545
4.5,268.148,45.9913,-0.0195724,124.228,2.50794,-9.73591
4.51,269.424,51.491,0.0382109,124.08,1.24518,-9.74816
4.52,268.92,44.6275,-0.0340324,123.942,0.13151,-9.75885
4.53,269.397,44.8293,-0.0319017,124.641,4.73644,-9.70927
4.54,270.528,49.4332,0.0167324,124.869,5.85911,-9.69638
4.55,271.75,54.3366,0.0686172,124.524,3.03929,-9.7252
4.56,273.768,64.2773,0.173987,124.754,4.28645,-9.71094
4.57,274.387,64.1164,0.172259,125.239,7.16832,-9.67931
4.58,275.214,65.3708,0.185585,125.406,7.71287,-9.67249
4.59,275.632,63.7828,0.168643,125.278,6.23734,-9.68718
4.6,276.758,67.0799,0.203823,125.845,9.54375,-9.65085
4.61,277.807,69.6261,0.231032,126.501,13.2222,-9.61048
4.62,278.861,72.0417,0.256887,126.27,10.6773,-9.63671
4.63,280.602,78.922,0.330699,126.325,10.2307,-9.64047
4.64,280.819,75.0704,0.289255,127.334,16.2471,-9.57475
4.65,282.143,78.9375,0.330872,128.394,22.1997,-9.50961
4.66,282.095,73.2971,0.269985,129.773,29.9018,-9.42549
4.67,283.31,76.5443,0.305049,128.958,22.301,-9.50662
4.68,283.879,75.2277,0.290762,128.88,20.1777,-9.52858
4.69,284.356,73.3748,0.270636,128.519,16.2864,-9.56974
4.7,284.302,68.0663,0.212939,127.484,8.11698,-9.65745
4.71,284.657,65.8769,0.189089,126.797,2.84524,-9.71377
4.72,284.976,63.5889,0.164128,126.435,0.12057,-9.74241
4.73,286.847,71.912,0.254996,124.997,-9.683,-9.8484
4.74,286.651,65.7448,0.187508,125.603,-5.0382,-9.79652
4.75,287.436,66.6059,0.196923,125.339,-6.58057,-9.81234
4.76,286.169,53.5796,0.0539257,125.925,-2.28252,-9.76409
4.77,286.032,49.0459,0.00407301,125.226,-6.9395,-9.81422
4.78,286.89,51.5233,0.0313574,124.169,-13.6934,-9.88752
4.79,288.543,59.1954,0.115993,125.27,-5.45195,-9.79551
4.8,288.483,54.8039,0.0674503,126.151,0.76025,-9.72578
4.81,288.032,48.0651,-0.00715185,127.241,7.95544,-9.64505
4.82,289.074,51.8538,0.0348583,127,5.70095,-9.66898
4.83,290.091,55.2088,0.0721189,127.739,10.2012,-9.61793
4.84,290.023,51.0293,0.0256113,128.139,12.1127,-9.59559
4.85,290.946,53.8115,0.0566139,127.534,7.12451,-9.65011
4.86,290.72,48.6637,-0.000857356,126.28,-1.90563,-9.74984
4.87,290.537,44.1516,-0.0513096,126.225,-2.24602,-9.75255
4.88,291.122,45.1179,-0.0404816,126.037,-3.46208,-9.76508
4.89,292.23,49.5434,0.00917336,125.726,-5.42177,-9.78597
4.9,292.778,49.8995,0.0131739,126.407,-0.563964,-9.73028
4.91,292.362,43.7334,-0.0562361,126.346,-1.03442,-9.73448
4.92,294.292,53.7955,0.0572212,125.185,-8.88425,-9.82189
4.93,295.172,56.0966,0.083203,126.463,0.228375,-9.71786
4.94,296.262,59.6673,0.123586,125.849,-4.02182,-9.76484
4.95,297.302,62.6568,0.157446,125.421,-6.73196,-9.79445
4.96,298.081,63.6806,0.169048,124.891,-9.94936,-9.82985
4.97,297.947,58.4921,0.110045,123.717,-17.2945,-9.91224
4.98,298.213,56.3389,0.0855136,123.469,-17.8992,-9.91799
4.99,298.229,52.6557,0.0434947,123.112,-19.1978,-9.93167
5,299.254,56.0109,0.0818198,123.759,-13.642,-9.86707
5.01,301.054,64.3685,0.177446,123.95,-11.5292,-9.84176
5.02,300.353,55.3063,0.0735595,124.824,-4.96362,-9.76538
5.03,300.201,50.5592,0.0190546,124.391,-7.64144,-9.795
5.04,300.634,50.0712,0.013441,124.685,-5.24203,-9.76629
5.05,301.152,50.1875,0.014778,124.822,-4.06826,-9.75164
5.06,300.926,45.2811,-0.0418225,127.019,10.9194,-9.57762
5.07,302.112,50.2212,0.0152623,127.524,13.4947,-9.54676
5.08,301.914,45.5036,-0.0393366,127.43,11.8558,-9.56462
5.09,303.71,54.5368,0.0653776,128.577,18.6903,-9.48429
5.1,305.309,61.6397,0.147836,127.969,13.2343,-9.54654
5.11,304.878,54.5852,0.0657841,126.707,3.74379,-9.65579
5.12,305.079,52.2586,0.0386773,127.608,9.4654,-9.58802
5.13,305.799,53.5932,0.0542426,128.985,18.0172,-9.48714
5.14,305.627,48.8183,-0.00155702,128.315,12.1877,-9.55415
5.15,306.948,54.4342,0.064167,129.618,20.057,-9.46093
5.16,308.7,62.5766,0.159601,128.878,13.62,-9.53528
5.17,309.214,61.8208,0.150709,127.632,4.21028,-9.64463
5.18,309.372,58.7203,0.114233,127.167,0.696195,-9.68481
5.19,310.25,60.6811,0.137313,126.874,-1.42304,-9.70863
5.2,312.109,69.1265,0.236917,127.845,5.12092,-9.6303
5.21,313.18,71.688,0.267152,128.877,11.6318,-9.55224
5.22,314.113,73.1434,0.284341,128.304,6.89205,-9.60719
5.23,313.891,66.7217,0.208201,128.873,10.1696,-9.56721
5.24,314.058,63.3546,0.16821,127.737,1.72578,-9.6663
5.25,315.736,70.3966,0.251908,127.65,0.927861,-9.67464
5.26,316.076,67.946,0.222698,127.154,-2.57243,-9.71516
5.27,316.758,67.9622,0.222866,128.491,6.51233,-9.60567
5.28,317.758,70.1274,0.2487,127.789,1.24854,-9.66739
5.29,317.639,64.5985,0.182532,127.553,-0.523928,-9.68744
5.3,317.857,61.714,0.14795,126.644,-6.71124,-9.7604
5.31,318.265,60.309,0.131073,127.187,-2.69489,-9.71104
5.32,320.087,68.5222,0.229763,126.862,-4.80161,-9.73519
5.33,320.574,67.1888,0.213686,125.598,-13.0977,-9.83387
5.34,322.248,73.946,0.295118,125.403,-13.6305,-9.83911
5.35,323.076,74.5449,0.302312,125.092,-14.9067,-9.85333
5.36,323.352,71.388,0.264103,126.468,-4.71993,-9.72896
5.37,323.793,69.5458,0.241762,126.225,-6.13914,-9.74497
5.38,324.98,72.8652,0.281992,127.245,1.05256,-9.65656
5.39,325.436,71.0265,0.259623,127.082,-0.211894,-9.67075
5.4,327.117,77.5786,0.339301,127.483,2.40735,-9.63771
5.41,327.518,75.0525,0.308483,127.437,1.83921,-9.64346
5.42,328.091,73.857,0.293857,128.221,6.9001,-9.58053
5.43,328.156,69.3232,0.238413,128.112,5.60465,-9.59519
5.44,328.127,64.4583,0.178842,128.145,5.35265,-9.5971
5.45,329.027,66.1763,0.199878,128.585,7.86295,-9.56515
5.46,329.78,66.7947,0.207445,128.986,9.94077,-9.53847
5.47,330.696,68.4722,0.228044,129.487,12.5567,-9.50513
5.48,330.308,61.2403,0.13897,129.39,10.9612,-9.52361
5.49,330.274,56.8853,0.0852494,128.051,1.09876,-9.64405
5.5,330.35,53.5637,0.0442167,127.64,-1.84604,-9.67923
5.51,330.138,48.5228,-0.0181353,127.673,-1.59034,-9.67487
5.52,330.662,48.7832,-0.0149081,128.257,2.35239,-9.62483
5.53,331.104,48.4766,-0.0187091,128.38,2.92567,-9.61653
5.54,332.762,56.3863,0.0795584,128.766,5.23986,-9.58658
5.55,333.427,57.0699,0.0880533,128.292,1.59169,-9.63078
5.56,334.431,59.9879,0.124402,128.127,0.278915,-9.64594
5.57,333.129,47.1683,-0.0355839,128.25,0.991701,-9.63584
5.58,334.723,54.7387,0.0590271,126.292,-12.3697,-9.80161
5.59,334.046,46.4809,-0.0443287,126.559,-9.83371,-9.76864
5.6,333.881,42.2381,-0.0975004,125.569,-15.9415,-9.84397
5.61,334.669,44.7027,-0.0665533,125.353,-16.4212,-9.84876
5.62,336.561,54.4421,0.0558831,125.301,-15.7654,-9.83928
5.63,336.545,50.6653,0.0083307,124.296,-21.5785,-9.91122
5.64,336.068,44.03,-0.0753212,124.207,-20.8216,-9.90043
5.65,335.538,37.4897,-0.157885,123.171,-26.5007,-9.97088
5.66,336.75,43.1331,-0.0865118,123.057,-25.5825,-9.95801
5.67,338.011,48.7226,-0.0157271,121.862,-32.0086,-10.0381
5.68,338.38,47.9261,-0.0258243,123.123,-21.4505,-9.90296
5.69,338.744,47.1518,-0.0356542,122.232,-26.1161,-9.96095
5.7,339.362,48.1386,-0.0231005,123.216,-17.8159,-9.85413
5.71,340.656,53.6123,0.0466113,123.723,-13.2988,-9.79535
5.72,342.347,61.4002,0.145927,123.233,-15.8062,-9.82608
5.73,343,61.6667,0.149313,124.03,-9.46194,-9.74379
5.74,344.681,68.8386,0.241023,124.221,-7.63897,-9.71923
5.75,346.108,73.8244,0.304851,124.262,-6.93998,-9.70903
5.76,345.985,68.0192,0.230351,124.166,-7.21647,-9.71134
5.77,346.18,64.7505,0.188336,123.805,-9.26163,-9.73636
5.78,346.74,64.1603,0.18072,123.2,-12.8126,-9.78078
5.79,348.096,68.9826,0.242814,123.89,-7.39575,-9.70975
5.8,347.316,59.0718,0.114937,123.704,-8.25207,-9.71954
5.81,347.33,55.1906,0.0647856,123.949,-6.13611,-9.69095
5.82,348.201,57.3428,0.0926176,125.283,3.17408,-9.56926
5.83,349.343,61.1757,0.142259,125.134,1.85492,-9.58511
5.84,349.933,61.0254,0.140291,125.545,4.40833,-9.55074
5.85,350.367,59.8445,0.124932,124.818,-0.886847,-9.61829
5.86,351.84,65.7375,0.201578,125.111,1.05516,-9.59177
5.87,353.261,70.8903,0.268679,125.795,5.49724,-9.53265
5.88,354.672,75.6215,0.330365,125.733,4.61103,-9.54297
5.89,354.835,71.6274,0.278144,124.567,-3.65146,-9.64966
5.9,356.213,76.0899,0.336486,124.044,-7.03277,-9.69264
5.91,357.359,78.6919,0.370529,124.115,-6.17454,-9.68012
5.92,355.741,62.4803,0.157809,124.874,-0.739015,-9.60755
5.93,356.084,60.5836,0.132873,124.471,-3.50185,-9.64258
5.94,357.095,63.3203,0.168857,125.342,2.50839,-9.56225
5.95,356.847,57.3795,0.0905754,124.074,-6.30139,-9.67704
5.96,357.845,60.2384,0.128276,125.39,2.89463,-9.55446
5.97,358.007,57.2744,0.0891073,125.775,5.20059,-9.52274
5.98,359.198,61.4412,0.144211,125.437,2.47545,-9.55752
5.99,359.533,59.5591,0.119263,124.57,-3.63144,-9.63715
6,359.943,58.3056,0.10262,124.736,-2.36346,-9.61905
6.01,361.318,63.6461,0.173539,124.338,-4.98293,-9.65256
6.02,362.612,68.0798,0.232485,123.972,-7.20815,-9.68088
6.03,364.179,74.0619,0.312126,123.5,-10.0032,-9.71681
6.04,364.251,69.5528,0.251949,123.345,-10.4724,-9.72177
6.05,365.187,71.1776,0.273614,123.207,-10.793,-9.72476
6.06,364.736,63.3416,0.168788,123.637,-7.26095,-9.67622
6.07,364.684,58.7247,0.106942,123.487,-7.88312,-9.68326
6.08,364.738,55.1296,0.0587204,123.628,-6.49881,-9.6634
6.09,365.076,53.6944,0.0394418,123.761,-5.25824,-9.64544
6.1,365.087,50.1443,-0.00829495,123.749,-5.08347,-9.6418
6.11,364.632,43.6968,-0.0950983,122.498,-13.272,-9.75074
6.12,365.02,43.3659,-0.0995459,120.658,-24.8732,-9.90583
6.13,365.383,42.892,-0.10593,120.629,-23.4926,-9.88586
6.14,366.01,44.2222,-0.0879348,120.202,-24.8886,-9.90339
6.15,367.247,49.5851,-0.0153326,119.821,-25.8742,-9.91539
6.16,368.726,56.208,0.0744345,119.899,-23.7057,-9.88465
6.17,369.686,58.8958,0.110903,119.571,-24.4204,-9.89301
6.18,370.098,57.7011,0.0946518,119.419,-23.8926,-9.8845
6.19,370.857,58.932,0.111389,117.637,-34.3935,-10.026
6.2,370.848,54.8946,0.0563602,117.391,-33.8365,-10.0171
6.21,370.396,48.1474,-0.0357064,116.907,-34.916,-10.0305
6.22,370.697,46.9337,-0.052284,119.241,-16.928,-9.78333
6.23,371.316,47.9421,-0.038481,119.338,-15.2321,-9.75879
6.24,371.455,45.644,-0.0699556,120.126,-8.98982,-9.67194
6.25,373.008,53.0388,0.0314828,119.065,-15.6331,-9.76174
6.26,374.222,57.6449,0.0947404,120.026,-8.20281,-9.65835
6.27,374.91,58.3993,0.105101,118.571,-17.5508,-9.78558
6.28,375.705,59.8238,0.124703,118.203,-18.9473,-9.80346
6.29,377.002,64.5362,0.189663,119.116,-11.6148,-9.701
6.3,377.176,61.3621,0.145814,118.586,-14.5027,-9.73954
6.31,378.534,66.3803,0.215166,117.69,-19.6621,-9.80952
6.32,379.353,67.4244,0.22959,118.529,-12.7758,-9.71283
6.33,379.952,66.9226,0.222602,118.76,-10.4552,-9.67932
6.34,380.998,69.4636,0.257837,119.669,-3.71858,-9.58449
6.35,380.995,64.7662,0.192524,119.131,-7.19365,-9.63145
6.36,381.28,62.3202,0.158462,119.879,-1.76212,-9.55453
6.37,383.859,75.5104,0.342211,119.466,-4.51968,-9.59162
6.38,385.27,79.9347,0.403884,119.777,-2.21606,-9.55814
6.39,386.157,80.5309,0.412155,119.927,-1.15308,-9.54196
6.4,386.175,75.2225,0.337853,118.823,-8.61295,-9.64496
6.41,387.306,77.7827,0.37366,117.807,-14.9774,-9.73274
6.42,388.502,80.6056,0.41319,116.6,-22.1991,-9.83264
6.43,388.579,75.6912,0.344134,117.154,-17.0669,-9.7592
6.44,388.912,72.8386,0.303983,117.676,-12.497,-9.69358
6.45,388.634,66.0537,0.208436,118.165,-8.45426,-9.63532
6.46,389.49,67.376,0.227044,117.241,-14.2081,-9.71505
6.47,389.117,60.3221,0.127468,117.085,-14.3975,-9.71635
6.48,390.267,64.0078,0.179527,116.812,-15.3706,-9.72873
6.49,390.562,61.6818,0.146594,116.567,-16.08,-9.73739
6.5,390.809,59.1939,0.111332,116.626,-14.6945,-9.71638
6.51,391.611,60.6102,0.131404,116.551,-14.3071,-9.70951
6.52,392.174,60.3193,0.127254,116.766,-11.9925,-9.67526
6.53,392.137,56.0071,0.065919,117.247,-8.03789,-9.61765
6.54,391.959,51.0314,-0.00492894,116.729,-11.0803,-9.6596
6.55,392.326,50.068,-0.0186618,117.085,-8.0306,-9.61475
6.56,393.349,53.5839,0.0315231,116.038,-14.6447,-9.70778
6.57,394.65,58.7423,0.105236,117.425,-4.40582,-9.56007
6.58,394.489,53.6992,0.0330612,117.466,-3.92525,-9.55183
6.59,395.892,59.5412,0.116752,117.368,-4.41806,-9.55752
6.6,395.841,55.1824,0.0542111,118.107,0.767879,-9.48176
6.61,396.473,55.7247,0.0619908,116.581,-9.66918,-9.6303
6.62,398.038,62.5165,0.159649,116.141,-12.077,-9.66354
6.63,397.722,56.1713,0.0682684,116.018,-12.1928,-9.66381
6.64,399.102,61.6933,0.147862,115.634,-14.0535,-9.68924
6.65,399.032,57.0599,0.080964,115.287,-15.5402,-9.7093
6.66,399.855,58.7651,0.105595,115.252,-14.8297,-9.69763
6.67,400.048,56.108,0.0671339,114.813,-16.8841,-9.72595
6.68,399.913,51.4157,-0.000853553,114.279,-19.442,-9.7616
6.69,401.212,56.7041,0.075854,114.487,-16.8272,-9.72226
6.7,403.308,67.0139,0.225568,113.861,-20.0128,-9.76711
6.71,404.218,68.6303,0.249039,113.432,-21.6559,-9.78958
6.72,405.15,70.2919,0.273193,113.047,-22.8844,-9.80604
6.73,406.012,71.3648,0.288791,113.12,-20.9526,-9.77645
6.74,406.432,69.3872,0.259889,113.199,-19.1057,-9.74807
6.75,406.39,64.4335,0.187469,113.973,-12.6965,-9.653
6.76,406.924,63.6866,0.176515,112.901,-19.163,-9.74619
6.77,407.385,62.5061,0.159199,113.853,-11.5456,-9.63319
6.78,408.807,67.8785,0.237961,114.464,-6.74552,-9.56138
6.79,409.51,68.0432,0.240344,113.652,-11.863,-9.63512
6.8,409.799,65.4112,0.201617,113.46,-12.4555,-9.64241
6.81,409.123,56.4416,0.069571,113.841,-9.1417,-9.59222
6.82,408.288,47.0074,-0.0694599,113.094,-13.6572,-9.65735
6.83,407.249,36.8351,-0.219527,113.653,-9.06151,-9.58812
6.84,407.69,37.3228,-0.212292,112.933,-13.4032,-9.65083
6.85,408.708,41.664,-0.148058,113.103,-11.4516,-9.62054
6.86,408.902,40.1631,-0.170259,112.024,-18.0507,-9.71683
6.87,410.101,45.5376,-0.0905594,111.589,-19.8631,-9.74226
6.88,410.516,45.2638,-0.0946105,112.026,-15.6709,-9.67859
6.89,411.634,49.7486,-0.0279527,112.854,-9.13264,-9.57999
6.9,412.577,52.7546,0.0167747,112.519,-10.8686,-9.6044
6.91,414.544,62.4598,0.161334,113.32,-4.83279,-9.51306
6.92,415.723,66.1979,0.217055,113.096,-6.11133,-9.53071
6.93,416.789,68.922,0.257696,112.754,-8.1004,-9.55898
6.94,417.422,68.5497,0.252092,112.856,-6.96131,-9.54053
6.95,417.379,63.6381,0.178548,111.712,-14.3028,-9.64897
6.96,417.435,59.7266,0.119912,111.214,-16.7898,-9.68479
6.97,419.113,67.0159,0.229243,111.04,-16.93,-9.68544
6.98,419.479,64.9688,0.198464,111.027,-15.976,-9.66966
6.99,419.676,61.9148,0.152512,109.781,-23.3934,-9.77974
7,420.16,61.0054,0.138799,109.196,-25.8615,-9.81542
7.01,420.796,61.181,0.141424,108.256,-30.5539,-9.88467
7.02,421.697,63.1316,0.170836,109.061,-23.1616,-9.77163
7.03,421.628,58.4163,0.0995748,108.991,-22.1701,-9.75517
7.04,422.249,58.6635,0.103299,108.663,-22.9836,-9.766
7.05,423.198,61.1105,0.140337,108.926,-19.7621,-9.71574
7.06,423.283,57.5594,0.0864807,108.213,-23.3285,-9.76833
7.07,423.643,56.1112,0.0644869,107.293,-28.0607,-9.83867
7.08,424.582,58.6585,0.103185,107.977,-21.6562,-9.73986
7.09,424.93,57.0536,0.0787547,107.655,-22.4609,-9.75062
7.1,425.894,59.7038,0.119106,107.509,-22.0285,-9.74255
7.11,426.553,60.1229,0.125478,107.663,-19.603,-9.70408
7.12,426.758,57.4522,0.0846886,106.989,-22.9265,-9.75333
7.13,427.938,61.5361,0.147092,106.516,-24.6612,-9.77836
7.14,427.045,51.3657,-0.00854664,106.371,-24.0794,-9.76796
7.15,428.445,57.3407,0.0829819,105.836,-26.1591,-9.79832
7.16,429.257,58.9515,0.107672,106.185,-22.1385,-9.73516
7.17,430.108,60.7177,0.134773,106.521,-18.4796,-9.67749
7.18,431.444,65.6334,0.210312,106.842,-15.1666,-9.62507
7.19,431.824,63.7711,0.18162,107.147,-12.1825,-9.57767
7.2,432.597,64.6852,0.195676,106.746,-14.1629,-9.60671
7.21,432.06,56.7044,0.0725535,107.763,-6.44538,-9.48619
7.22,433.535,62.8269,0.16708,107.05,-10.9127,-9.55371
7.23,433.301,57.0139,0.0771931,106.949,-10.9531,-9.55286
7.24,434.21,59.3023,0.112597,106.724,-11.8298,-9.56495
7.25,433.523,50.6707,-0.0211559,106.246,-14.3499,-9.60251
7.26,434.836,56.1058,0.0631528,105.536,-18.2636,-9.66173
7.27,434.501,50.0687,-0.0306053,104.614,-23.3422,-9.73909
7.28,435.499,53.4216,0.0215234,104.19,-24.7249,-9.75907
7.29,435.192,47.7509,-0.0667359,104.503,-21.0469,-9.70031
7.3,436.291,51.9392,-0.00146793,103.976,-23.2776,-9.73355
7.31,437.015,53.3169,0.0200231,103.227,-26.8587,-9.7879
7.32,438.166,57.4817,0.0850576,103.24,-25.0563,-9.75822
7.33,438.995,59.2,0.111908,104.371,-15.8375,-9.61257
7.34,440.374,64.5057,0.194928,104.597,-13.3396,-9.57198
7.35,441.836,70.0171,0.281253,104.262,-14.7979,-9.59332
7.36,442.278,68.2811,0.253979,104.512,-12.2079,-9.55119
7.37,443.069,69.0075,0.265346,104.06,-14.528,-9.58613
7.38,443.107,64.6149,0.196249,104.203,-12.6835,-9.55562
7.39,444.673,70.8189,0.293858,104.204,-11.9191,-9.54209
7.4,445.561,72.0327,0.312935,104.763,-7.43963,-9.47001
7.41,446.444,73.1341,0.330259,104.317,-10.0364,-9.50947
7.42,447.707,76.727,0.386939,102.117,-24.2936,-9.7331
7.43,447.72,71.6421,0.306497,101.201,-28.9269,-9.8048
7.44,448.299,70.7169,0.291807,100.234,-33.5962,-9.87714
7.45,448.674,68.4787,0.256303,99.3598,-37.3226,-9.93462
7.46,448.272,61.1574,0.140145,98.7124,-39.2709,-9.96394
7.47,448.983,61.8309,0.150818,98.4136,-38.7373,-9.95389
7.48,448.242,52.6663,0.00512326,98.8508,-33.2771,-9.86552
7.49,448.697,52.1805,-0.00260755,99.2747,-28.2737,-9.78433
7.5,449.736,55.6671,0.0529324,99.1311,-27.4333,-9.76938
7.51,450.303,55.7397,0.0540822,99.1526,-25.5363,-9.73757
7.52,450.853,55.6885,0.0532559,98.4973,-28.3301,-9.78062
7.53,452.08,60.2105,0.125517,98.4605,-26.7656,-9.75406
7.54,452.688,60.2513,0.12615,98.0282,-27.9734,-9.77182
7.55,454.427,67.9143,0.248862,97.0931,-32.4906,-9.8426
7.56,454.434,63.384,0.176184,97.6283,-26.7889,-9.74961
7.57,456.153,70.7059,0.29368,97.7248,-24.4297,-9.71017
7.58,457.41,74.4154,0.353237,96.0339,-34.2812,-9.86691
7.59,458.946,79.76,0.439151,96.1478,-31.3002,-9.81737
7.6,460.024,81.6545,0.469589,94.4773,-40.5518,-9.96477
7.61,459.497,72.5987,0.323531,95.7182,-29.5496,-9.7858
7.62,459.457,67.4324,0.240108,95.9165,-26.3179,-9.73207
7.63,459.476,63.0186,0.168765,96.1153,-23.3004,-9.68175
7.64,459.353,57.9448,0.0866846,96.7267,-17.7032,-9.58967
7.65,459.193,52.958,0.00593657,97.44,-11.7956,-9.49248
7.66,458.963,47.8364,-0.0770682,97.4156,-11.2595,-9.48225
7.67,460.073,52.095,-0.00796381,97.5373,-9.77488,-9.45663
7.68,461.091,55.4445,0.0464362,97.931,-6.55555,-9.4028
7.69,461.479,54.3202,0.0281498,96.7797,-13.9703,-9.52183
7.7,462.348,56.5191,0.0639332,96.6897,-13.7304,-9.51637
7.71,462.182,51.5904,-0.0163797,95.0959,-23.6473,-9.6764
7.72,462.809,52.3367,-0.00420408,94.8788,-23.6132,-9.67426
7.73,462.683,47.9584,-0.0756902,94.554,-24.3081,-9.68403
7.74,463.615,51.0112,-0.0257815,93.9919,-26.5558,-9.71918
7.75,464.423,53.0183,0.00706339,92.6599,-33.8443,-9.83685
7.76,464.276,48.4519,-0.0677307,92.9672,-29.588,-9.76552
7.77,464.238,44.9307,-0.125455,92.4406,-31.2413,-9.79103
7.78,464.534,43.8966,-0.142408,92.2486,-30.5278,-9.77771
7.79,463.317,32.7227,-0.325978,91.9511,-30.5728,-9.77684
7.8,464.747,40.1583,-0.203625,91.0042,-34.9943,-9.84796
7.81,464.873,38.2998,-0.234192,92.6344,-21.7402,-9.62811
7.82,465.87,42.4354,-0.165989,92.2214,-23.1554,-9.64985
7.83,465.91,39.8394,-0.208794,92.6814,-18.5885,-9.5729
7.84,467.209,45.9163,-0.10839,91.737,-23.7994,-9.65739
7.85,468.552,51.8689,-0.00995318,91.016,-27.1528,-9.71124
7.86,470.015,58.2426,0.0955397,90.9178,-26.0812,-9.69189
7.87,471.921,67.169,0.243418,90.0142,-30.5128,-9.76371
7.88,471.721,61.2925,0.145913,90.4394,-25.6857,-9.68203
7.89,472.255,60.7576,0.137008,89.6052,-29.6755,-9.74667
7.9,473.044,61.9817,0.15733,88.2996,-36.5756,-9.85972
7.91,474.089,64.8563,0.205126,89.1853,-28.2355,-9.71933
7.92,474.302,61.916,0.156126,88.3642,-31.9655,-9.77983
7.93,474.368,58.1898,0.093981,87.7623,-33.9664,-9.81156
7.94,475.15,59.5423,0.116536,88.1925,-28.8731,-9.72492
7.95,476.429,64.1521,0.193523,88.1931,-27.0192,-9.69233
7.96,477.802,69.0829,0.275944,88.2097,-25.1828,-9.66
7.97,477.808,64.4702,0.198685,86.8594,-32.6866,-9.78399
7.98,478.107,62.1397,0.159602,86.597,-32.3493,-9.7767
7.99,477.601,54.5372,0.0320541,86.2358,-32.7017,-9.78097
8,477.691,51.4724,-0.0194125,85.5073,-35.507,-9.82643
8.01,478.28,51.9672,-0.0110923,85.4072,-33.8853,-9.79752
8.02,479.505,56.7289,0.0690245,85.7491,-29.3928,-9.72029
8.03,480.64,60.5528,0.133414,86.0825,-25.2596,-9.64904
8.04,481.273,60.7447,0.136628,86.2675,-22.4053,-9.59929
8.05,482.51,64.9908,0.20826,86.4516,-19.7493,-9.55285
8.06,483.606,67.9964,0.258999,85.6669,-23.8047,-9.61975
8.07,484.954,72.5027,0.335157,85.6457,-22.4384,-9.59501
8.08,485.863,73.7473,0.356167,85.7773,-20.134,-9.55438
8.09,485.98,69.5704,0.285333,85.6345,-19.8348,-9.5477
8.1,487.114,72.5297,0.335479,84.8238,-24.0596,-9.61773
8.11,486.318,62.2747,0.16131,83.8125,-29.3529,-9.70597
8.12,487.481,65.9158,0.223164,84.2756,-24.3479,-9.61926
8.13,488.761,70.106,0.29441,84.1657,-23.5431,-9.60393
8.14,489.012,67.0762,0.242765,83.5258,-26.3668,-9.65038
8.15,488.644,60.072,0.12333,82.8118,-29.4998,-9.70214
8.16,489.297,60.4234,0.129305,82.8596,-27.2853,-9.6627
8.17,490.43,63.99,0.1902,81.5395,-34.4441,-9.78332
8.18,491.818,69.0394,0.276498,80.754,-37.5161,-9.83417
8.19,492.338,67.8913,0.256801,81.1548,-32.3819,-9.74462
8.2,492.865,66.8739,0.239329,80.0261,-37.9072,-9.83761
8.21,494.027,70.2012,0.296344,79.0055,-42.3313,-9.91179
8.22,493.879,64.4707,0.19793,78.3638,-43.9032,-9.93707
8.23,493.49,57.5017,0.0781544,78.2112,-42.0708,-9.90387
8.24,494.509,60.4998,0.129706,77.8194,-41.9749,-9.90052
8.25,494.324,55.1733,0.0379832,76.3782,-48.9621,-10.0191
8.26,493.96,48.9981,-0.0684388,75.766,-49.8895,-10.0334
8.27,494.964,52.4618,-0.00867938,75.7824,-46.5149,-9.97342
8.28,495.155,50.2129,-0.0475074,75.2734,-46.9099,-9.97852
8.29,495.332,48.018,-0.085435,74.5553,-48.6893,-10.0075
8.3,496.239,50.8925,-0.0356902,74.335,-46.9913,-9.97644
8.31,497.717,57.4303,0.0775323,72.9174,-53.4817,-10.0871
8.32,498.293,57.4457,0.0777858,72.1918,-54.8696,-10.1094
8.33,499.22,59.8241,0.119039,73.0727,-45.3295,-9.94213
8.34,499.61,58.4199,0.0946305,74.6045,-32.0421,-9.70963
8.35,500.353,59.4881,0.113185,74.659,-29.611,-9.66568
8.36,501.104,60.5461,0.131576,74.4509,-29.1145,-9.65536
8.37,501.167,56.8872,0.0678216,73.7235,-32.1525,-9.70659
8.38,501.056,52.3004,-0.0121626,74.0367,-27.9693,-9.63197
8.39,502.159,56.2123,0.0561095,73.1004,-32.4939,-9.70925
8.4,503.341,60.3918,0.129112,72.9445,-31.4511,-9.68934
8.41,504.332,63.0085,0.174844,72.1289,-34.9271,-9.74842
8.42,504.446,59.5263,0.113867,72.2242,-32.0267,-9.69595
8.43,504.823,58.0538,0.0880477,72.7454,-26.4487,-9.59653
8.44,505.553,59.0646,0.105759,71.8624,-30.716,-9.66968
8.45,507.231,66.4018,0.234531,70.9264,-35.0533,-9.74412
8.46,508.857,72.8896,0.34848,70.6344,-34.7559,-9.73718
8.47,509.315,71.0648,0.316327,69.0049,-43.4986,-9.88922
8.48,511.358,80.0538,0.474509,70.1477,-32.9569,-9.70191
8.49,511.217,73.7063,0.362581,70.9476,-25.4371,-9.5677
8.5,512.43,76.923,0.41925,70.7356,-25.2472,-9.56266
8.51,513.378,78.1297,0.440479,70.1403,-27.6545,-9.60347
8.52,513.521,73.8314,0.364447,69.8826,-27.6237,-9.60123
8.53,512.644,62.94,0.171743,69.3846,-29.2151,-9.62768
8.54,513.038,61.3545,0.143641,69.3558,-27.5356,-9.59624
8.55,512.514,53.6856,0.00771628,69.7595,-23.0517,-9.51508
8.56,513.074,53.8396,0.0104458,68.0756,-32.9488,-9.68895
8.57,514.655,60.8731,0.13532,67.0909,-37.4641,-9.76739
8.58,515.063,59.524,0.111322,66.2033,-41.0214,-9.82888
8.59,515.406,57.82,0.0809911,65.4075,-43.7199,-9.87513
8.6,515.699,55.9013,0.0468137,65.9407,-37.2743,-9.75861
8.61,516.261,55.9219,0.0471735,64.7993,-42.5554,-9.85098
8.62,517.777,62.3698,0.162182,63.632,-47.6567,-9.94022
8.63,517.316,55.0575,0.0315941,63.6861,-44.1769,-9.87632
8.64,517.58,53.1267,-0.00291782,63.4867,-42.6412,-9.84711
8.65,517.784,50.9173,-0.04244,63.6041,-39.0719,-9.7815
8.66,519.504,59.0872,0.10385,63.184,-39.3684,-9.78506
8.67,518.298,46.9678,-0.113368,63.5095,-34.6162,-9.69814
8.68,519.719,53.3805,0.00168469,63.6929,-31.1413,-9.63406
8.69,520.125,52.5198,-0.0137684,63.881,-27.8689,-9.57358
8.7,520.261,49.8952,-0.0609344,63.7953,-26.6634,-9.55019
8.71,521.016,51.6245,-0.0298164,63.4557,-27.2511,-9.55905
8.72,521.828,53.6178,0.00607835,63.7101,-23.7933,-9.49507
8.73,522.43,54.0588,0.0140245,63.8211,-21.5348,-9.45265
8.74,523.73,59.1828,0.106449,63.108,-24.9862,-9.51321
8.75,524.788,62.3288,0.16323,62.4636,-27.7423,-9.56125
8.76,526.314,68.4177,0.273236,61.6083,-31.7352,-9.63168
8.77,527.945,74.8077,0.388769,62.079,-26.5163,-9.53554
8.78,529.203,78.2502,0.451024,61.8396,-26.4384,-9.5324
8.79,530.426,81.2247,0.504844,62.7382,-18.6902,-9.39027
8.8,531.311,81.7209,0.513751,62.0611,-22.0904,-9.45023
8.81,530.059,67.7697,0.260383,60.8959,-28.5531,-9.56585
8.82,529.996,62.7776,0.169623,60.6641,-28.286,-9.55925
8.83,530.961,65.0547,0.211007,61.433,-21.2885,-9.43025
8.84,531.427,63.8065,0.188246,61.4658,-19.7257,-9.40008
8.85,532.349,65.7247,0.223164,59.851,-29.3799,-9.57428
8.86,532.016,59.0525,0.101439,59.6184,-29.0634,-9.56676
8.87,531.671,52.7394,-0.013817,60.3869,-22.0161,-9.43637
8.88,531.812,50.1352,-0.0613954,59.5915,-25.9897,-9.50725
8.89,531.696,45.9689,-0.137573,58.4575,-31.9797,-9.61505
8.9,532.124,45.7587,-0.141395,57.7046,-34.9972,-9.66852
8.91,534.575,59.2024,0.10492,57.3057,-35.424,-9.67457
8.92,535.115,58.8463,0.0983722,57.0962,-34.5445,-9.65666
8.93,535.704,58.8547,0.0985083,56.509,-36.271,-9.68658
8.94,537.314,65.7466,0.225092,55.9881,-37.4352,-9.70619
8.95,538.683,70.5429,0.313235,54.0105,-48.3451,-9.90499
8.96,538.691,65.846,0.226742,53.7304,-47.0727,-9.87975
8.97,538.804,62.1672,0.15894,52.2574,-53.9305,-10.0042
8.98,538.836,58.1917,0.0856205,51.481,-55.6302,-10.0337
8.99,539.168,56.5048,0.0544768,50.3829,-59.3846,-10.1012
9,540.056,58.6834,0.0947033,50.3703,-55.565,-10.0288
9.01,540.64,58.6663,0.0943696,49.9783,-54.5617,-10.0084
9.02,542.138,64.8128,0.208072,49.7871,-52.2715,-9.96413
9.03,543.677,70.8261,0.319386,48.9518,-54.4794,-10.0032
9.04,543.872,67.3692,0.255256,47.9367,-57.7515,-10.062
9.05,543.942,63.3012,0.179744,48.9662,-47.0138,-9.86091
9.06,544.423,62.2766,0.160686,49.3939,-41.0568,-9.74847
9.07,545.26,63.7214,0.187506,47.329,-52.3116,-9.95581
9.08,545.38,60.2362,0.122647,47.7991,-45.713,-9.83123
9.09,547.187,68.3587,0.273837,46.4664,-51.7161,-9.94115
9.1,547.81,67.9572,0.266304,47.7509,-39.6643,-9.71474
9.11,548.674,69.2048,0.289522,46.339,-46.6089,-9.84244
9.12,549.706,71.4949,0.332214,45.6144,-48.4511,-9.87499
9.13,550.427,71.5395,0.332987,45.8022,-44.0154,-9.79028
9.14,552.171,78.4821,0.462741,47.797,-27.6909,-9.4832
9.15,552.921,78.2514,0.458336,47.7244,-26.4078,-9.45741
9.16,553.233,75.0843,0.398926,46.9826,-29.7242,-9.51776
9.17,552.309,63.7895,0.187099,46.0385,-34.1819,-9.59955
9.18,552.254,59.1232,0.0995051,44.22,-44.2375,-9.78643
9.19,553.031,60.3721,0.122942,43.8083,-44.1283,-9.78254
9.2,553.125,56.9372,0.0583522,43.1783,-45.499,-9.80647
9.21,553.485,55.5277,0.0318251,42.0713,-49.995,-9.88921
9.22,553.604,52.5815,-0.023657,41.7686,-48.7636,-9.86416
9.23,554.173,52.8713,-0.0181912,41.1041,-50.0549,-9.88664
9.24,555.321,57.0516,0.0606613,40.3822,-51.6468,-9.9148
9.25,556.565,61.5945,0.146414,39.8842,-51.6209,-9.91244
9.26,558.273,68.961,0.285576,39.5933,-50.2005,-9.88373
9.27,559.559,72.9895,0.361704,39.907,-44.7977,-9.77968
9.28,559.225,65.8166,0.225872,41.0523,-34.1496,-9.57629
9.29,560.503,69.9963,0.305009,40.4746,-35.8383,-9.60647
9.3,560.941,68.236,0.271575,40.6524,-32.3182,-9.5379
9.31,560.267,59.086,0.0978902,39.4555,-38.3068,-9.64974
9.32,562.478,70.0188,0.305514,38.6482,-41.2641,-9.70407
9.33,562.89,68.0762,0.268529,38.7553,-37.856,-9.63744
9.34,563.086,64.807,0.206281,39.7053,-28.9919,-9.46697
9.35,563.959,66.327,0.235184,39.0819,-31.3356,-9.50979
9.36,566.005,75.6573,0.412953,38.8005,-31.2152,-9.50568
9.37,566.046,70.8328,0.320852,39.1112,-27.1093,-9.42556
9.38,567.165,73.606,0.373732,40.2427,-17.7433,-9.24496
9.39,567.267,69.3312,0.291985,37.8474,-32.7947,-9.53077
9.4,567.722,67.7271,0.261255,38.4141,-26.8557,-9.41538
9.41,568.478,68.2662,0.271522,37.9874,-28.0166,-9.43579
9.42,567.966,60.2089,0.117131,37.3335,-30.6318,-9.48408
9.43,569.626,67.3453,0.253923,36.8854,-31.6831,-9.50242
9.44,569.97,65.1228,0.211231,37.3184,-26.7206,-9.40538
9.45,570.548,64.6353,0.201828,35.6636,-36.1739,-9.58511
9.46,571.32,65.4813,0.21805,34.7079,-40.2754,-9.6621
9.47,572.672,70.1891,0.308567,34.4011,-39.725,-9.64965
9.48,573.511,71.1186,0.326402,33.5891,-42.6185,-9.7035
9.49,573.062,63.2967,0.175624,32.4502,-47.5231,-9.79613
9.5,573.763,63.7543,0.184415,30.874,-55.0471,-9.93934
9.51,574.712,65.8592,0.225005,30.8311,-51.723,-9.87327
9.52,574.275,58.4671,0.0821685,30.6847,-49.3205,-9.82495
9.53,573.715,50.751,-0.0670227,30.027,-50.5282,-9.8464
9.54,574.168,50.3791,-0.0742062,29.5877,-50.1812,-9.83778
9.55,574.088,46.4409,-0.150456,30.3166,-41.979,-9.67704
9.56,574.56,46.4933,-0.14941,29.6349,-43.842,-9.71127
9.57,575.249,48.004,-0.120077,29.4455,-42.2598,-9.67869
9.58,576.182,51.0541,-0.0608411,29.71,-37.722,-9.58872
9.59,576.766,51.5534,-0.0511285,27.354,-51.1643,-9.84804
9.6,577.735,54.612,0.00835864,27.1403,-49.2537,-9.80897
9.61,579.206,60.8505,0.129772,27.8008,-41.5742,-9.6576
9.62,580.648,66.4698,0.239199,26.7797,-45.7541,-9.73714
9.63,581.168,65.5005,0.220256,27.106,-40.5643,-9.63407
9.64,582.295,68.686,0.282364,26.6037,-41.3129,-9.64679
9.65,581.65,59.7043,0.10693,26.7165,-37.862,-9.57753
9.66,582.629,62.2771,0.157187,26.9815,-33.6164,-9.49269
9.67,583.447,63.6016,0.183061,26.6943,-33.3811,-9.48623
9.68,583.119,57.0976,0.0557125,25.4824,-39.3989,-9.60217
9.69,583.196,53.7654,-0.00957723,24.8001,-41.4396,-9.64026
9.7,583.584,52.7592,-0.0293043,24.4705,-40.9639,-9.62905
9.71,584.997,58.7308,0.087881,23.6383,-43.9105,-9.68498
9.72,586.078,62.0584,0.153212,24.1381,-37.6744,-9.56061
9.73,585.984,57.2442,0.0585619,24.0704,-35.6853,-9.51963
9.74,584.991,46.6831,-0.149195,22.3725,-44.8259,-9.69756
9.75,586.597,54.3662,0.00208919,21.7966,-45.7836,-9.71451
9.76,587.454,56.4802,0.0437419,21.154,-47.1274,-9.73907
9.77,587.938,55.9312,0.0329077,21.6929,-40.4108,-9.6047
9.78,588.246,54.2424,-0.00042672,21.1109,-41.707,-9.62839
9.79,588.525,52.4602,-0.0356274,20.598,-42.4494,-9.64115
9.8,588.737,50.356,-0.077214,19.3212,-48.2948,-9.75479
9.81,589.962,55.2182,0.0189887,18.7225,-49.1729,-9.77023
9.82,590.562,55.5452,0.0254594,16.9564,-57.8667,-9.94042
9.83,591.222,56.2458,0.0393362,15.9114,-61.1115,-10.0027
9.84,592.302,59.7372,0.108564,15.2588,-61.4912,-10.0083
9.85,592.892,59.6906,0.107619,15.3834,-56.6035,-9.9093
9.86,593.567,60.2206,0.118125,14.9806,-55.6012,-9.88743
9.87,594.218,60.5462,0.124573,15.3324,-49.5768,-9.76571
9.88,594.319,57.1436,0.0568557,14.5831,-51.3848,-9.79973
9.89,593.632,48.6586,-0.112092,13.0932,-58.066,-9.9308
9.9,595.727,59.5042,0.10404,12.5799,-57.7114,-9.92176
9.91,596.565,61.1464,0.136768,12.9688,-51.2944,-9.79181
9.92,597.08,60.5002,0.123843,11.9787,-54.6106,-9.85604
9.93,596.945,55.5066,0.024079,10.4065,-61.6309,-9.9943
9.94,597.859,57.9263,0.072442,9.40494,-64.3292,-10.0462
9.95,598.409,57.7324,0.0685491,7.69005,-71.6578,-10.1908
9.96,598.355,53.4759,-0.0166861,9.04808,-57.766,-9.91067
9.97,600.068,61.4241,0.142576,8.26741,-59.2345,-9.9381
9.98,600.042,57.1057,0.0559503,9.10056,-49.7186,-9.74529
9.99,599.571,50.0758,-0.0851429,8.7962,-48.5154,-9.71919
